Mes,Promocion,Ventas_Predichas
1,0,6630691.428917703
2,0,6392469.230395699
3,0,6400861.8462033
4,0,6429858.215205804
5,0,7186244.058459051
6,0,7003360.61401862
7,0,7447742.717547914
8,0,6385609.374606562
9,0,5671021.801057428
10,0,6455240.538636626
11,0,6690744.051285987
12,0,6530838.510428921
